{"attract": {"db5": {"summary": {"num_test_files": 25, "crmsd": {"mean": 10.086858677123573, "median": 9.551767349243164, "std": 9.876992141941582, "lt1": 44.0, "lt2": 44.0, "lt5": 44.0, "lt10": 52.0}, "lrmsd": {"mean": 24.891191, "median": 23.133516, "std": 24.934494, "lt1": 12.0, "lt2": 40.0, "lt5": 44.0, "lt10": 44.0}, "irmsd": {"mean": 10.693873399413183, "median": 7.477673053741455, "std": 10.902254752055224, "lt1": 44.0, "lt2": 44.0, "lt5": 44.0, "lt10": 52.0}}}, "dips": {"summary": {"num_test_files": 100, "crmsd": {"mean": 14.929099005290972, "median": 17.17233180999756, "std": 10.388815279182745, "lt1": 20.0, "lt2": 20.0, "lt5": 23.0, "lt10": 33.0}, "lrmsd": {"mean": 38.19134, "median": 37.336838, "std": 29.480297, "lt1": 9.0, "lt2": 17.0, "lt5": 20.0, "lt10": 22.0}, "irmsd": {"mean": 14.018023492445645, "median": 12.413214206695557, "std": 11.809409250450399, "lt1": 20.0, "lt2": 20.0, "lt5": 22.0, "lt10": 38.0}}}}, "cluspro": {"db5": {"summary": {"num_test_files": 25, "crmsd": {"mean": 8.255295678641916, "median": 3.3819141387939453, "std": 7.922232252574097, "lt1": 12.0, "lt2": 36.0, "lt5": 56.0, "lt10": 60.0}, "lrmsd": {"mean": 20.510113, "median": 7.6863575, "std": 19.899492, "lt1": 0.0, "lt2": 8.0, "lt5": 32.0, "lt10": 56.0}, "irmsd": {"mean": 8.721572384576923, "median": 2.317608118057251, "std": 9.898738959271697, "lt1": 20.0, "lt2": 40.0, "lt5": 60.0, "lt10": 64.0}}}, "dips": {"summary": {"num_test_files": 100, "crmsd": {"mean": 14.470289458892085, "median": 15.768032550811768, "std": 10.249652389819992, "lt1": 0.0, "lt2": 12.0, "lt5": 27.0, "lt10": 35.0}, "lrmsd": {"mean": 36.80731, "median": 36.283203, "std": 27.08013, "lt1": 0.0, "lt2": 2.0, "lt5": 17.0, "lt10": 25.0}, "irmsd": {"mean": 13.620258680068615, "median": 12.54299978988047, "std": 11.111604116775423, "lt1": 7.0, "lt2": 21.0, "lt5": 27.0, "lt10": 42.0}}}}, "equidock_no_clashes": {"db5": {"summary": {"num_test_files": 25, "crmsd": {"mean": 15.822673611384598, "median": 15.964376449584961, "std": 6.545522194271503, "lt1": 0.0, "lt2": 0.0, "lt5": 0.0, "lt10": 20.0}, "lrmsd": {"mean": 42.952827, "median": 38.776596, "std": 21.555054, "lt1": 0.0, "lt2": 0.0, "lt5": 0.0, "lt10": 0.0}, "irmsd": {"mean": 18.216854895267588, "median": 16.572107315063477, "std": 9.504257849445098, "lt1": 0.0, "lt2": 0.0, "lt5": 0.0, "lt10": 12.0}}}, "dips": {"summary": {"num_test_files": 100, "crmsd": {"mean": 15.744874871516233, "median": 15.110412120819092, "std": 7.759893242610688, "lt1": 0.0, "lt2": 0.0, "lt5": 4.0, "lt10": 24.0}, "lrmsd": {"mean": 39.125607, "median": 35.400436, "std": 19.784983, "lt1": 0.0, "lt2": 0.0, "lt5": 0.0, "lt10": 2.0}, "irmsd": {"mean": 15.37365739283568, "median": 12.125015258789062, "std": 9.034428836905764, "lt1": 0.0, "lt2": 0.0, "lt5": 5.0, "lt10": 34.0}}}}, "equidock": {"db5": {"summary": {"num_test_files": 25, "crmsd": {"mean": 14.726048091758416, "median": 14.135851860046387, "std": 5.311820616957609, "lt1": 0.0, "lt2": 0.0, "lt5": 0.0, "lt10": 16.0}, "lrmsd": {"mean": 34.54892, "median": 32.148293, "std": 13.44726, "lt1": 0.0, "lt2": 0.0, "lt5": 0.0, "lt10": 0.0}, "irmsd": {"mean": 13.232608332348004, "median": 11.970755577087402, "std": 4.930855768466576, "lt1": 0.0, "lt2": 0.0, "lt5": 0.0, "lt10": 16.0}}}, "dips": {"summary": {"num_test_files": 100, "crmsd": {"mean": 14.525036474118567, "median": 13.295084953308105, "std": 7.135002121147564, "lt1": 0.0, "lt2": 0.0, "lt5": 8.0, "lt10": 29.0}, "lrmsd": {"mean": 33.78527, "median": 31.070862, "std": 16.72517, "lt1": 0.0, "lt2": 0.0, "lt5": 0.0, "lt10": 4.0}, "irmsd": {"mean": 11.920184654806997, "median": 10.186165809631348, "std": 7.010343257813538, "lt1": 0.0, "lt2": 0.0, "lt5": 12.0, "lt10": 47.0}}}}, "hdock": {"db5": {"summary": {"num_test_files": 25, "crmsd": {"mean": 5.341877539214769, "median": 0.29901888966560364, "std": 12.040210504485362, "lt1": 80.0, "lt2": 80.0, "lt5": 80.0, "lt10": 80.0}, "lrmsd": {"mean": 13.887102, "median": 0.7747258, "std": 31.1249, "lt1": 60.0, "lt2": 72.0, "lt5": 80.0, "lt10": 80.0}, "irmsd": {"mean": 4.755627741466651, "median": 0.24417440593242645, "std": 10.827850013977768, "lt1": 80.0, "lt2": 80.0, "lt5": 80.0, "lt10": 80.0}}}, "dips": {"summary": {"num_test_files": 100, "crmsd": {"mean": 10.773675928197145, "median": 6.230008184909821, "std": 11.390209058384434, "lt1": 49.0, "lt2": 50.0, "lt5": 50.0, "lt10": 50.0}, "lrmsd": {"mean": 28.373789, "median": 16.587439, "std": 30.304552, "lt1": 41.0, "lt2": 47.0, "lt5": 50.0, "lt10": 50.0}, "irmsd": {"mean": 8.877049391789862, "median": 3.903465509414673, "std": 10.950857437474628, "lt1": 49.0, "lt2": 50.0, "lt5": 50.0, "lt10": 58.0}}}}, "patchdock": {"db5": {"summary": {"num_test_files": 25, "crmsd": {"mean": 18.000018926746456, "median": 18.26278089416339, "std": 10.120226871818339, "lt1": 4.0, "lt2": 4.0, "lt5": 4.0, "lt10": 16.0}, "lrmsd": {"mean": 46.896, "median": 45.241257, "std": 27.244827, "lt1": 0.0, "lt2": 4.0, "lt5": 4.0, "lt10": 4.0}, "irmsd": {"mean": 18.75246611383946, "median": 18.889168873362365, "std": 10.068511801621895, "lt1": 4.0, "lt2": 4.0, "lt5": 4.0, "lt10": 16.0}}}, "dips": {"summary": {"num_test_files": 100, "crmsd": {"mean": 13.581187534086293, "median": 15.245870590209961, "std": 10.308419728552844, "lt1": 27.0, "lt2": 31.0, "lt5": 32.0, "lt10": 36.0}, "lrmsd": {"mean": 33.141003, "median": 35.141186, "std": 26.982973, "lt1": 4.0, "lt2": 21.0, "lt5": 31.0, "lt10": 32.0}, "irmsd": {"mean": 12.151978013778292, "median": 11.448691844940186, "std": 10.500311797398584, "lt1": 29.0, "lt2": 32.0, "lt5": 32.0, "lt10": 42.0}}}}}