{"attract": {"db5": {"summary": {"num_test_files": 25, "crmsd": {"mean": 10.086858646874632, "median": 9.551767349243164, "std": 9.876992165636086, "lt1": 44.0, "lt2": 44.0, "lt5": 44.0, "lt10": 52.0}, "lrmsd": {"mean": 24.891191, "median": 23.133516, "std": 24.934492, "lt1": 12.0, "lt2": 40.0, "lt5": 44.0, "lt10": 44.0}, "irmsd": {"mean": 10.693873395836905, "median": 7.477673053741455, "std": 10.902254755441122, "lt1": 44.0, "lt2": 44.0, "lt5": 44.0, "lt10": 52.0}}}, "dips": {"summary": {"num_test_files": 100, "crmsd": {"mean": 14.929099135249778, "median": 17.172332763671875, "std": 10.38881542382534, "lt1": 20.0, "lt2": 20.0, "lt5": 23.0, "lt10": 33.0}, "lrmsd": {"mean": 38.19134, "median": 37.336838, "std": 29.480297, "lt1": 9.0, "lt2": 17.0, "lt5": 20.0, "lt10": 22.0}, "irmsd": {"mean": 14.01802351181563, "median": 12.413214206695557, "std": 11.809409264662976, "lt1": 20.0, "lt2": 20.0, "lt5": 22.0, "lt10": 38.0}}}}, "cluspro": {"db5": {"summary": {"num_test_files": 25, "crmsd": {"mean": 8.255295672150078, "median": 3.3819141387939453, "std": 7.922232317779624, "lt1": 12.0, "lt2": 36.0, "lt5": 56.0, "lt10": 60.0}, "lrmsd": {"mean": 20.510115, "median": 7.6863575, "std": 19.89949, "lt1": 0.0, "lt2": 8.0, "lt5": 32.0, "lt10": 56.0}, "irmsd": {"mean": 8.721572382192738, "median": 2.317608118057251, "std": 9.89873896071282, "lt1": 20.0, "lt2": 40.0, "lt5": 60.0, "lt10": 64.0}}}, "dips": {"summary": {"num_test_files": 100, "crmsd": {"mean": 14.470289405489666, "median": 15.76803207397461, "std": 10.249652167246532, "lt1": 0.0, "lt2": 12.0, "lt5": 27.0, "lt10": 35.0}, "lrmsd": {"mean": 36.80731, "median": 36.283203, "std": 27.080126, "lt1": 0.0, "lt2": 2.0, "lt5": 17.0, "lt10": 25.0}, "irmsd": {"mean": 13.620258607946996, "median": 12.54299978988047, "std": 11.11160409353014, "lt1": 7.0, "lt2": 21.0, "lt5": 27.0, "lt10": 42.0}}}}, "equidock_no_clashes": {"db5": {"summary": {"num_test_files": 25, "crmsd": {"mean": 15.822673813307848, "median": 15.964377403259277, "std": 6.545522137865322, "lt1": 0.0, "lt2": 0.0, "lt5": 0.0, "lt10": 20.0}, "lrmsd": {"mean": 42.952827, "median": 38.776596, "std": 21.555056, "lt1": 0.0, "lt2": 0.0, "lt5": 0.0, "lt10": 0.0}, "irmsd": {"mean": 18.216854818973644, "median": 16.572107315063477, "std": 9.504257875803708, "lt1": 0.0, "lt2": 0.0, "lt5": 0.0, "lt10": 12.0}}}, "dips": {"summary": {"num_test_files": 100, "crmsd": {"mean": 15.744874901935018, "median": 15.110410690307617, "std": 7.759893758784427, "lt1": 0.0, "lt2": 0.0, "lt5": 4.0, "lt10": 24.0}, "lrmsd": {"mean": 39.125607, "median": 35.400436, "std": 19.78498, "lt1": 0.0, "lt2": 0.0, "lt5": 0.0, "lt10": 2.0}, "irmsd": {"mean": 15.373657345151964, "median": 12.125015258789062, "std": 9.03442885837311, "lt1": 0.0, "lt2": 0.0, "lt5": 5.0, "lt10": 34.0}}}, "db5_unbound": {"summary": {"num_test_files": 25, "crmsd": {"mean": 17.551769028710634, "median": 15.886588096618652, "std": 8.081853136346991, "lt1": 0.0, "lt2": 0.0, "lt5": 0.0, "lt10": 16.0}, "lrmsd": {"mean": 49.03678, "median": 46.783558, "std": 23.778965, "lt1": 0.0, "lt2": 0.0, "lt5": 0.0, "lt10": 0.0}, "irmsd": {"mean": 19.714742226196883, "median": 17.79611587524414, "std": 9.380491134572544, "lt1": 0.0, "lt2": 0.0, "lt5": 0.0, "lt10": 4.0}}}}, "equidock": {"db5": {"summary": {"num_test_files": 25, "crmsd": {"mean": 14.726048120934202, "median": 14.135851860046387, "std": 5.311820441559101, "lt1": 0.0, "lt2": 0.0, "lt5": 0.0, "lt10": 16.0}, "lrmsd": {"mean": 34.548927, "median": 32.148293, "std": 13.44726, "lt1": 0.0, "lt2": 0.0, "lt5": 0.0, "lt10": 0.0}, "irmsd": {"mean": 13.232608275127545, "median": 11.970755577087402, "std": 4.930855813851292, "lt1": 0.0, "lt2": 0.0, "lt5": 0.0, "lt10": 16.0}}}, "dips": {"summary": {"num_test_files": 100, "crmsd": {"mean": 14.52503647893388, "median": 13.295085430145264, "std": 7.1350022362864145, "lt1": 0.0, "lt2": 0.0, "lt5": 8.0, "lt10": 29.0}, "lrmsd": {"mean": 33.78527, "median": 31.070862, "std": 16.72517, "lt1": 0.0, "lt2": 0.0, "lt5": 0.0, "lt10": 4.0}, "irmsd": {"mean": 11.920184652422813, "median": 10.18616533279419, "std": 7.010343226245436, "lt1": 0.0, "lt2": 0.0, "lt5": 12.0, "lt10": 47.0}}}, "db5_unbound": {"summary": {"num_test_files": 25, "crmsd": {"mean": 17.076057285378557, "median": 15.37751579284668, "std": 7.425978177205428, "lt1": 0.0, "lt2": 0.0, "lt5": 0.0, "lt10": 8.0}, "lrmsd": {"mean": 40.921036, "median": 36.086437, "std": 18.106153, "lt1": 0.0, "lt2": 0.0, "lt5": 0.0, "lt10": 0.0}, "irmsd": {"mean": 14.005047666469977, "median": 11.718913008566089, "std": 6.325694935985812, "lt1": 0.0, "lt2": 0.0, "lt5": 0.0, "lt10": 44.0}}}}, "hdock": {"db5": {"summary": {"num_test_files": 25, "crmsd": {"mean": 5.341877502330442, "median": 0.2990190088748932, "std": 12.040210364153605, "lt1": 80.0, "lt2": 80.0, "lt5": 80.0, "lt10": 80.0}, "lrmsd": {"mean": 13.887102, "median": 0.7747268, "std": 31.1249, "lt1": 60.0, "lt2": 72.0, "lt5": 80.0, "lt10": 80.0}, "irmsd": {"mean": 4.755627781997811, "median": 0.24417440593242645, "std": 10.827850034837597, "lt1": 80.0, "lt2": 80.0, "lt5": 80.0, "lt10": 80.0}}}, "dips": {"summary": {"num_test_files": 100, "crmsd": {"mean": 10.773675829352648, "median": 6.230008542537689, "std": 11.390208992059154, "lt1": 49.0, "lt2": 50.0, "lt5": 50.0, "lt10": 50.0}, "lrmsd": {"mean": 28.373787, "median": 16.587439, "std": 30.30455, "lt1": 41.0, "lt2": 47.0, "lt5": 50.0, "lt10": 50.0}, "irmsd": {"mean": 8.877049404977392, "median": 3.903465509414673, "std": 10.9508574371756, "lt1": 49.0, "lt2": 50.0, "lt5": 50.0, "lt10": 58.0}}}}, "patchdock": {"db5": {"summary": {"num_test_files": 25, "crmsd": {"mean": 18.000018831776423, "median": 18.262781233413765, "std": 10.120226702328237, "lt1": 4.0, "lt2": 4.0, "lt5": 4.0, "lt10": 16.0}, "lrmsd": {"mean": 46.896, "median": 45.241257, "std": 27.244825, "lt1": 0.0, "lt2": 4.0, "lt5": 4.0, "lt10": 4.0}, "irmsd": {"mean": 18.752466190133404, "median": 18.889168873362365, "std": 10.068512307624749, "lt1": 4.0, "lt2": 4.0, "lt5": 4.0, "lt10": 16.0}}}, "dips": {"summary": {"num_test_files": 100, "crmsd": {"mean": 13.581187502548614, "median": 15.245870113372803, "std": 10.308419710952773, "lt1": 27.0, "lt2": 31.0, "lt5": 32.0, "lt10": 36.0}, "lrmsd": {"mean": 33.141003, "median": 35.141186, "std": 26.982973, "lt1": 4.0, "lt2": 21.0, "lt5": 31.0, "lt10": 32.0}, "irmsd": {"mean": 12.151978039855324, "median": 11.448691844940186, "std": 10.500311797465448, "lt1": 29.0, "lt2": 32.0, "lt5": 32.0, "lt10": 42.0}}}}, "equidock_on_dips_no_clashes": {"db5": {"summary": {"num_test_files": 25, "crmsd": {"mean": 17.160778398990278, "median": 16.742532050758104, "std": 6.753790520396435, "lt1": 0.0, "lt2": 0.0, "lt5": 4.0, "lt10": 8.0}, "lrmsd": {"mean": 48.305523, "median": 45.597046, "std": 19.857824, "lt1": 0.0, "lt2": 0.0, "lt5": 0.0, "lt10": 4.0}, "irmsd": {"mean": 19.800572561218004, "median": 17.35454750061035, "std": 8.204428869076613, "lt1": 0.0, "lt2": 0.0, "lt5": 4.0, "lt10": 4.0}}}, "db5_unbound": {"summary": {"num_test_files": 25, "crmsd": {"mean": 18.049138046071786, "median": 14.582372665405273, "std": 8.05154490136804, "lt1": 0.0, "lt2": 0.0, "lt5": 0.0, "lt10": 12.0}, "lrmsd": {"mean": 51.829468, "median": 49.10088, "std": 22.107176, "lt1": 0.0, "lt2": 0.0, "lt5": 0.0, "lt10": 0.0}, "irmsd": {"mean": 19.9520334509179, "median": 20.01986700586973, "std": 8.65756124042931, "lt1": 0.0, "lt2": 0.0, "lt5": 0.0, "lt10": 8.0}}}}, "equidock_on_dips": {"db5": {"summary": {"num_test_files": 25, "crmsd": {"mean": 16.011327248877567, "median": 17.011249542236328, "std": 5.741218250710177, "lt1": 0.0, "lt2": 0.0, "lt5": 4.0, "lt10": 8.0}, "lrmsd": {"mean": 40.58463, "median": 37.640755, "std": 13.559884, "lt1": 0.0, "lt2": 0.0, "lt5": 0.0, "lt10": 0.0}, "irmsd": {"mean": 14.036395583233483, "median": 11.759946823120117, "std": 5.32467511445714, "lt1": 0.0, "lt2": 0.0, "lt5": 4.0, "lt10": 16.0}}}, "db5_unbound": {"summary": {"num_test_files": 25, "crmsd": {"mean": 17.190501214701555,